account_id,average_churn_score,median_churn_score,weighted_average_churn_score,max_churn_score,min_churn_score
0,21.73,3.0,16.14,79,0
1,31.62,34.5,27.39,75,0
2,31.71,19.0,26.55,72,0
3,24.89,0.0,18.11,74,0
4,30.0,22.0,21.3,75,0
5,34.42,42.0,31.54,57,0
6,18.24,15.0,16.11,68,0
7,27.67,0.0,17.64,77,0
8,23.45,0.0,20.89,70,0
9,25.43,15.0,21.09,63,0
10,36.57,33.0,23.15,76,0
11,21.27,2.0,15.67,69,0
12,23.8,8.0,21.08,61,0
13,27.33,21.0,21.94,72,0
14,23.58,20.5,20.56,62,0
15,31.44,30.0,24.95,72,0
16,22.12,12.5,19.56,65,0
17,19.42,11.0,18.48,59,0
18,18.17,5.5,15.33,63,0
19,21.0,16.0,15.79,75,0
20,7.5,0.0,2.68,75,0
21,21.33,11.0,18.13,72,0
22,32.0,29.0,23.28,69,0
23,42.17,47.5,38.56,73,0
24,25.94,7.5,18.57,77,0
25,23.61,10.5,17.09,76,0
26,20.4,22.5,20.95,56,0
27,41.5,40.0,35.04,74,0
28,24.69,15.0,18.79,75,0
29,49.89,64.0,42.89,74,6
30,35.8,48.0,21.33,76,0
31,30.69,23.0,22.56,82,0
32,31.79,32.0,29.37,69,0
33,33.2,35.5,27.11,72,0
34,33.35,33.0,26.04,75,0
35,26.06,15.5,21.35,69,0
36,36.23,39.0,27.92,76,0
37,18.6,13.0,16.66,56,0
38,29.0,23.0,24.97,77,0
39,27.67,5.0,21.62,78,0
40,35.11,30.0,26.19,76,0
41,22.29,8.5,17.07,67,0
42,34.62,29.5,24.06,82,0
43,33.69,29.5,25.53,76,0
44,29.16,12.0,20.6,69,0
45,23.67,6.5,19.74,75,0
46,19.83,0.5,18.16,82,0
47,19.68,12.0,17.44,64,0
48,32.56,33.5,21.19,76,0
49,28.86,36.0,23.29,72,0
50,28.94,23.5,22.31,76,0
51,12.91,0.0,9.55,69,0
52,40.62,49.0,38.88,69,0
53,13.08,0.0,11.06,50,0
54,23.71,15.0,25.18,53,0
55,12.89,0.0,10.86,65,0
56,5.14,0.0,5.15,30,0
57,27.73,32.0,23.09,75,0
58,35.11,38.0,32.35,74,0
59,45.38,57.0,41.65,69,0
60,23.91,6.0,22.06,67,0
61,26.83,8.5,18.82,72,0
62,27.38,29.5,25.23,69,0
63,16.46,0.0,13.85,65,0
64,25.12,8.0,21.91,67,0
65,23.78,12.0,19.16,74,0
66,46.17,55.0,37.39,74,0
67,37.64,48.0,32.42,75,0
68,30.08,18.0,23.43,77,0
69,27.21,32.0,23.63,71,0
70,22.56,14.0,17.71,69,0
71,39.17,52.0,33.43,74,0
72,32.5,26.0,24.28,72,0
73,24.94,28.5,23.61,72,0
74,22.47,15.0,18.41,69,0
75,19.88,2.0,13.67,76,0
76,23.73,22.0,22.9,58,0
77,24.38,12.5,20.85,74,0
78,25.18,21.0,19.22,74,0
79,25.33,23.5,21.02,65,0
80,36.0,45.0,25.05,75,0
81,28.29,30.0,24.49,66,0
82,31.11,35.5,28.41,74,0
83,22.2,0.0,18.4,58,0
84,38.88,37.5,36.44,76,12
85,45.33,54.5,40.87,66,0
86,25.83,28.5,23.18,59,0
87,26.88,17.0,24.01,68,0
88,21.0,22.0,19.55,51,0
89,31.06,30.0,27.44,66,0
90,33.1,45.5,29.85,61,0
91,19.9,5.5,16.81,65,0
92,19.14,5.0,12.51,76,0
93,31.88,40.5,29.65,61,0
94,31.3,20.0,23.9,76,0
95,31.88,36.0,26.17,76,0
96,17.32,0.0,10.19,69,0
97,44.17,58.0,38.97,66,0
98,48.57,58.5,38.27,75,0
99,29.62,30.0,24.12,82,0
100,26.5,9.5,15.9,71,0
101,23.5,9.5,16.83,69,0
102,34.11,42.0,30.46,70,0
103,29.75,31.5,29.98,63,0
104,28.94,16.0,19.77,76,0
105,24.63,0.0,20.71,70,0
106,31.74,22.0,27.0,72,0
107,27.58,28.0,25.72,59,0
108,23.06,16.5,17.9,75,0
109,25.09,15.0,22.03,57,0
110,22.88,18.0,19.23,71,0
111,36.85,48.0,28.81,73,0
112,26.67,8.5,17.93,77,0
113,25.67,8.0,21.07,76,0
114,32.56,48.0,31.34,65,0
115,31.65,42.0,28.21,68,0
116,35.83,37.5,28.48,70,0
117,30.0,25.0,24.72,77,0
118,39.0,44.0,31.47,82,0
119,31.17,32.0,26.53,74,0
120,41.43,41.0,36.5,78,0
121,26.92,20.0,22.82,72,0
122,18.62,7.0,15.49,68,0
123,24.12,17.0,19.62,69,0
124,29.62,16.0,22.26,84,0
125,31.71,25.0,23.88,72,0
126,28.85,38.0,25.27,64,0
127,41.24,45.0,35.16,76,0
128,27.84,18.0,23.34,73,0
129,23.47,15.0,17.41,73,0
130,14.4,0.0,10.47,54,0
131,32.92,38.0,29.05,67,0
132,28.09,24.0,21.7,77,0
133,30.77,34.0,29.12,69,0
134,30.33,32.0,24.27,70,0
135,11.8,0.0,11.88,52,0
136,28.88,28.0,25.3,69,0
137,24.83,15.0,20.09,74,0
138,16.25,0.0,18.24,58,0
139,26.42,10.0,23.68,72,0
140,42.8,59.0,36.95,73,0
141,21.71,0.0,21.15,61,0
142,34.0,23.0,30.52,70,0
143,20.67,9.5,16.72,63,0
144,31.71,39.0,24.24,72,0
145,28.71,34.0,28.55,68,0
146,41.6,52.0,34.23,61,0
147,26.73,20.0,21.57,76,0
148,45.0,61.0,33.98,76,0
149,31.64,39.5,25.62,71,0
150,37.73,49.0,29.07,75,0
151,19.07,10.0,14.6,73,0
152,26.23,25.0,23.08,64,0
153,28.56,18.5,24.55,72,0
154,25.55,15.0,16.85,76,0
155,25.69,0.0,19.24,70,0
156,20.0,0.0,14.0,80,0
157,25.94,21.5,19.45,80,0
158,20.17,10.5,14.02,72,0
159,45.6,57.0,43.08,64,2
160,27.73,30.0,25.92,65,0
161,33.73,49.0,26.05,70,0
162,31.33,18.0,24.59,74,0
163,33.0,37.0,26.77,67,0
164,32.33,37.0,32.9,61,0
165,16.43,0.0,13.32,59,0
166,37.31,45.0,30.33,73,0
167,23.42,16.5,22.65,61,0
168,33.1,39.0,26.01,76,0
169,27.4,18.0,21.5,67,0
170,20.57,30.0,20.16,42,0
171,37.8,49.0,26.88,70,0
172,32.0,33.0,28.02,70,0
173,11.44,0.0,9.85,50,0
174,31.26,32.0,24.86,78,0
175,26.89,18.5,23.37,71,0
176,21.43,0.0,11.99,69,0
177,39.4,43.0,31.06,68,0
178,45.56,56.0,35.95,76,0
179,33.29,39.0,27.01,77,0
180,15.45,0.0,12.67,69,0
181,16.68,0.0,13.56,70,0
182,34.33,36.0,25.56,72,0
183,44.64,50.0,33.82,77,0
184,21.33,6.0,17.23,69,0
185,19.54,0.0,12.57,76,0
186,28.0,14.0,21.12,75,0
187,25.84,0.0,16.77,80,0
188,30.43,24.0,26.9,72,0
189,28.21,24.0,22.57,80,0
190,37.25,45.5,32.23,67,0
191,32.12,35.0,23.57,72,0
192,47.86,63.0,40.24,76,0
193,25.32,2.0,16.65,75,0
194,31.82,20.0,29.59,73,0
195,5.0,0.0,3.58,25,0
196,25.0,21.5,22.47,66,0
197,17.53,0.0,14.3,70,0
198,29.75,33.0,24.48,64,0
199,23.06,4.0,17.39,82,0
200,25.78,4.0,18.56,78,0
201,27.09,29.0,27.42,65,0
202,32.0,29.0,26.55,70,0
203,17.53,0.0,13.51,70,0
204,26.37,18.0,23.13,76,0
205,24.73,0.0,17.07,84,0
206,20.0,12.0,17.56,77,0
207,21.25,5.0,17.31,68,0
208,32.94,25.0,27.09,76,0
209,23.45,0.0,15.02,70,0
210,37.13,38.0,28.36,74,0
211,8.71,0.0,7.7,50,0
212,26.4,17.5,23.08,61,0
213,34.25,33.0,27.01,74,0
214,18.17,0.0,13.14,61,0
215,25.21,18.5,18.0,76,0
216,38.82,46.0,34.01,72,0
217,23.0,9.0,21.49,70,0
218,25.46,1.0,21.34,75,0
219,47.67,56.0,41.08,76,5
220,42.0,41.0,33.93,75,0
221,29.88,29.0,26.67,75,0
222,30.19,30.5,26.53,74,0
223,36.69,38.0,29.68,76,0
224,34.75,42.0,26.49,75,0
225,22.75,0.0,14.89,67,0
226,30.22,32.0,23.98,72,0
227,22.39,8.5,17.8,73,0
228,44.47,44.0,36.12,76,0
229,24.57,19.0,23.12,64,0
230,32.0,36.0,22.04,72,0
231,18.0,0.0,10.92,76,0
232,35.85,30.0,28.16,83,0
233,9.64,0.0,10.4,49,0
234,18.67,0.0,13.59,75,0
235,37.2,45.0,37.72,63,0
236,46.2,39.0,41.08,76,29
237,22.85,21.0,20.33,67,0
238,30.2,43.0,28.77,60,0
239,20.67,15.0,19.14,68,0
240,23.54,13.0,22.49,78,0
241,20.75,25.0,18.71,63,0
242,15.29,0.0,10.9,73,0
243,13.08,0.0,11.57,56,0
244,32.0,46.0,20.91,68,0
245,36.36,54.0,32.59,72,0
246,29.2,29.0,21.66,73,0
247,47.42,56.0,38.27,76,9
248,26.13,26.0,22.78,60,0
249,36.62,42.0,30.2,69,0
250,32.5,41.0,29.42,70,0
251,30.22,18.0,25.58,71,0
252,37.2,30.0,31.91,73,0
253,12.57,0.0,12.5,49,0
254,42.71,47.0,37.69,72,0
255,33.75,34.0,26.77,76,0
256,16.83,0.0,10.73,72,0
257,17.84,0.0,13.94,74,0
258,30.93,28.0,24.48,70,0
259,32.5,41.0,30.85,72,0
260,28.58,24.0,25.06,72,0
261,25.69,16.0,23.28,72,0
262,28.38,29.0,22.81,74,0
263,40.2,45.0,38.87,59,0
264,35.5,43.5,26.11,77,0
265,27.2,20.0,24.24,67,0
266,22.14,0.0,13.65,76,0
267,15.0,4.0,14.15,56,0
268,39.62,45.0,34.51,81,0
269,26.56,19.5,20.49,81,0
270,30.27,28.0,23.36,69,0
271,24.83,18.0,22.69,57,0
272,42.14,41.0,28.8,82,0
273,35.8,39.0,34.54,41,20
274,25.0,0.0,13.98,70,0
275,32.8,44.0,32.19,54,0
276,24.75,0.0,13.64,75,0
277,62.8,63.0,60.6,72,49
278,25.93,21.0,21.18,75,0
279,32.8,30.0,27.02,72,0
280,26.83,24.0,26.48,65,0
281,47.67,55.5,43.83,68,0
282,18.69,4.5,15.58,68,0
283,28.8,13.5,18.37,74,0
284,21.64,5.0,16.86,69,0
285,26.89,20.0,20.86,77,0
286,14.6,0.0,10.05,49,0
287,52.8,56.0,50.93,67,40
288,21.71,10.0,14.43,76,0
289,28.06,27.5,21.46,76,0
290,41.5,49.5,38.71,75,0
291,18.56,1.0,14.8,68,0
292,22.88,5.5,17.59,71,0
293,32.07,19.0,23.0,76,0
294,45.5,44.5,37.22,74,5
295,29.82,37.0,24.47,72,0
296,23.62,23.5,21.69,62,0
297,43.91,45.0,38.75,75,0
298,24.13,3.0,17.32,74,0
299,27.83,22.0,22.17,72,0
300,28.8,41.0,23.44,71,0
301,26.8,33.0,26.5,47,0
302,25.32,11.0,18.51,82,0
303,29.1,21.5,21.02,74,0
304,17.75,8.5,16.68,65,0
305,32.22,34.0,26.61,68,0
306,29.75,24.5,21.56,73,0
307,37.67,39.5,29.51,69,0
308,36.2,37.0,29.96,76,0
309,32.9,34.0,30.38,74,0
310,32.07,34.0,23.67,70,0
311,21.89,10.0,18.33,66,0
312,29.6,16.0,20.38,77,0
313,20.77,9.0,19.25,61,0
314,31.12,35.5,22.88,81,0
315,38.2,44.0,31.69,76,0
316,20.0,5.5,17.51,59,0
317,22.12,15.0,17.47,72,0
318,32.71,42.0,27.91,72,0
319,11.25,0.0,11.13,36,0
320,7.88,0.0,5.79,52,0
321,21.87,10.0,16.92,72,0
322,12.0,1.5,11.74,40,0
323,18.29,0.0,15.1,60,0
324,27.43,21.5,20.55,69,0
325,39.43,51.0,25.85,76,0
326,20.95,9.0,19.32,75,0
327,58.0,64.0,55.51,72,37
328,27.88,21.5,21.65,63,0
329,23.64,0.0,18.96,67,0
330,35.88,32.0,27.95,83,0
331,31.92,24.0,24.61,73,0
332,37.8,41.0,32.14,67,0
333,25.25,17.5,23.42,64,0
334,34.36,38.0,27.96,73,0
335,24.33,0.0,11.65,73,0
336,30.92,23.5,25.12,76,0
337,20.8,25.0,21.94,40,0
338,22.0,21.0,18.77,73,0
339,26.88,17.0,19.94,74,0
340,10.92,0.0,7.33,62,0
341,10.69,0.0,10.34,45,0
342,17.83,9.5,15.64,60,0
343,36.36,31.0,31.11,69,0
344,24.47,0.0,19.9,77,0
345,20.39,6.5,15.27,74,0
346,21.57,4.0,17.2,74,0
347,24.57,5.0,22.19,62,0
348,22.45,10.0,18.09,61,0
349,33.44,26.5,24.15,81,0
350,41.79,44.5,33.73,76,0
351,26.85,11.0,22.17,66,0
352,22.62,0.0,13.51,72,0
353,24.44,19.0,20.28,69,0
354,24.8,0.0,16.57,72,0
355,31.0,34.5,28.91,64,0
356,19.6,0.0,13.75,72,0
357,27.72,13.0,22.82,69,0
358,37.31,46.0,33.35,69,0
359,15.67,2.0,17.62,43,0
360,25.78,21.0,21.98,67,0
361,24.0,28.0,20.97,58,0
362,15.0,14.0,16.69,50,0
363,36.92,50.0,32.72,72,0
364,19.77,11.0,17.03,72,0
365,37.71,62.0,26.93,76,0
366,16.43,0.0,18.63,47,0
367,31.86,23.0,22.67,76,0
368,22.62,7.0,20.09,71,0
369,32.5,31.0,24.63,69,0
370,30.6,31.5,24.71,76,0
371,16.75,7.0,14.75,67,0
372,25.4,16.0,20.53,72,0
373,19.17,0.0,16.38,69,0
374,37.62,47.5,33.69,66,0
375,19.47,0.0,13.44,70,0
376,0.0,0.0,0.0,0,0
377,30.83,29.5,25.97,75,0
378,26.88,22.0,26.58,59,0
379,27.3,9.5,17.89,76,0
380,28.08,15.0,22.67,74,0
381,26.25,20.0,25.3,67,0
382,32.72,23.5,24.61,80,0
383,41.0,50.0,33.08,70,0
384,17.28,5.5,15.44,60,0
385,26.54,0.0,22.01,75,0
386,2.86,0.0,3.11,20,0
387,32.62,31.0,27.21,67,0
388,27.12,25.0,24.55,75,0
389,14.67,0.0,7.4,54,0
390,19.22,0.5,15.76,66,0
391,22.83,22.5,23.26,48,0
392,38.17,42.0,34.82,61,11
393,25.2,15.0,21.88,73,0
394,30.43,26.0,20.47,73,0
395,23.65,13.0,20.67,69,0
396,30.31,29.0,27.49,66,0
397,23.25,10.0,14.33,76,0
398,47.8,53.0,41.89,72,11
399,49.38,52.0,43.07,69,0
400,25.6,0.0,18.85,74,0
401,33.17,24.5,25.72,72,0
402,42.33,56.0,37.83,71,0
403,38.0,34.5,25.69,82,0
404,20.33,13.5,19.32,64,0
405,21.42,0.0,13.81,75,0
406,35.36,39.0,25.81,75,0
407,33.14,24.0,27.74,69,0
408,15.0,0.0,7.78,69,0
409,45.8,42.0,39.39,77,0
410,25.69,17.0,20.83,74,0
411,25.87,18.0,18.65,72,0
412,30.0,0.0,21.57,74,0
413,20.4,10.5,15.67,74,0
414,31.55,8.0,20.23,86,0
415,13.7,0.0,9.6,62,0
416,28.22,31.5,24.47,64,0
417,24.17,9.0,17.65,80,0
418,29.4,15.5,22.64,74,0
419,28.2,32.0,17.98,75,0
420,28.12,18.0,23.03,75,0
421,22.71,4.0,18.49,65,0
422,35.1,38.5,31.78,75,0
423,33.08,29.0,22.12,82,0
424,31.07,19.0,24.09,72,0
425,34.33,42.0,26.27,75,0
426,42.83,37.5,37.0,75,28
427,30.56,32.0,24.57,66,0
428,21.06,8.5,15.83,68,0
429,25.4,0.0,17.57,68,0
430,39.38,39.0,35.68,82,0
431,33.16,37.0,27.0,75,0
432,24.2,0.0,14.03,76,0
433,28.56,26.0,23.21,77,0
434,24.44,15.0,22.43,76,0
435,36.18,45.0,30.3,76,0
436,9.0,0.0,8.51,37,0
437,21.0,5.5,19.41,53,0
438,47.71,52.0,44.45,69,0
439,24.0,0.0,18.53,63,0
440,26.2,0.0,10.64,74,0
441,23.31,21.5,22.15,65,0
442,32.31,40.0,27.38,75,0
443,31.22,26.5,22.49,76,0
444,32.24,29.0,26.77,74,0
445,33.11,45.0,26.77,75,0
446,14.78,0.0,15.22,55,0
447,19.3,18.0,19.09,41,0
448,17.71,0.0,15.12,66,0
449,25.38,16.0,22.78,69,0
450,29.38,19.0,20.85,75,0
451,23.56,10.0,13.9,75,0
452,26.25,23.0,23.91,75,0
453,31.94,37.0,25.75,70,0
454,13.8,0.0,10.72,69,0
455,26.89,26.5,23.65,75,0
456,22.78,8.0,19.6,65,0
457,34.79,45.0,29.87,74,0
458,40.0,55.0,27.16,77,0
459,23.81,19.5,21.18,67,0
460,47.0,60.0,32.65,77,7
461,23.38,22.5,20.17,57,0
462,24.95,24.0,22.31,69,0
463,19.47,0.0,14.72,72,0
464,33.0,40.0,30.58,68,0
465,13.82,8.0,14.08,42,0
466,11.6,0.0,10.13,58,0
467,27.71,32.0,21.98,62,0
468,30.0,27.5,25.49,72,0
469,30.0,15.0,22.59,76,0
470,21.0,0.0,13.9,69,0
471,27.89,28.0,22.71,66,0
472,29.6,38.5,28.66,64,0
473,28.64,23.0,26.82,66,0
474,34.86,40.0,30.89,62,0
475,31.17,28.5,30.0,66,0
476,26.22,17.5,17.57,76,0
477,18.42,2.5,16.59,67,0
478,35.0,19.0,26.15,77,10
479,25.16,13.0,22.1,76,0
480,25.6,19.5,19.18,69,0
481,18.18,0.0,11.69,76,0
482,44.33,63.5,31.74,70,0
483,29.16,29.0,22.3,75,0
484,14.93,0.0,10.86,74,0
485,38.64,38.0,35.58,75,0
486,33.33,38.5,27.42,62,0
487,29.0,24.5,23.57,77,0
488,8.4,0.0,8.94,40,0
489,36.17,45.5,34.49,64,0
490,47.6,55.0,36.95,74,0
491,24.92,20.0,18.66,80,0
492,24.07,10.0,18.67,74,0
493,28.5,25.0,24.73,72,0
494,18.91,2.0,16.55,67,0
495,33.41,38.0,28.93,66,0
496,24.07,12.0,21.17,72,0
497,19.27,19.0,15.87,68,0
498,35.0,42.5,32.92,70,0
499,11.71,0.0,7.87,48,0
500,23.17,0.0,13.0,72,0
501,29.54,37.0,25.98,71,0
502,34.5,46.0,29.42,74,0
503,28.76,25.0,24.63,75,0
504,20.88,7.5,16.48,75,0
505,30.29,30.5,27.85,71,0
506,24.91,12.0,24.33,70,0
507,29.62,29.0,22.27,75,0
508,23.0,15.5,17.19,79,0
509,42.24,52.0,29.5,77,0
510,12.0,3.0,10.94,44,0
511,45.4,55.0,35.71,68,0
512,29.25,19.0,19.63,77,0
513,34.33,29.5,27.57,77,0
514,27.94,29.0,26.67,68,0
515,28.69,19.0,22.2,76,0
516,18.0,12.0,14.32,65,0
517,26.18,19.0,20.99,72,0
518,26.05,0.0,18.95,81,0
519,34.75,46.5,27.49,74,0
520,11.67,0.0,5.43,70,0
521,18.17,8.0,14.36,65,0
522,23.45,22.0,22.13,63,0
523,35.0,37.0,25.55,75,0
524,16.7,21.5,16.24,34,0
525,20.71,0.0,17.8,65,0
526,22.23,12.0,18.67,72,0
527,27.07,0.0,18.75,80,0
528,24.26,27.0,22.17,64,0
529,32.44,20.0,24.99,76,0
530,23.47,0.0,17.01,78,0
531,34.4,33.5,25.01,74,0
532,29.29,29.0,22.96,66,0
533,38.57,46.5,32.15,73,0
534,33.0,41.5,30.84,59,0
535,38.8,42.0,29.35,76,0
536,25.38,18.5,21.34,58,0
537,35.5,36.0,23.68,74,0
538,45.5,55.5,40.18,71,0
539,23.42,15.0,21.21,76,0
540,35.5,41.5,30.21,74,0
541,27.13,5.0,22.02,72,0
542,23.19,9.0,18.66,73,0
543,15.33,0.0,13.86,72,0
544,30.0,30.0,23.02,71,0
545,22.33,8.0,20.56,68,0
546,28.11,21.0,24.27,62,0
547,33.19,29.5,28.48,78,0
548,22.12,13.5,17.93,67,0
549,25.44,14.0,20.16,73,0
550,30.33,39.0,25.23,71,0
551,43.91,50.0,40.37,80,0
552,32.5,39.5,27.35,59,0
553,21.3,9.5,17.97,69,0
554,26.82,21.0,21.13,72,0
555,13.62,0.0,12.33,67,0
556,29.0,28.0,22.38,76,0
557,29.74,30.0,23.57,76,0
558,21.0,10.0,17.21,67,0
559,31.64,15.0,24.59,74,0
560,25.58,20.5,20.66,74,0
561,37.62,46.5,33.58,66,0
562,30.18,35.0,26.59,72,0
563,10.5,0.0,6.89,63,0
564,20.0,15.0,21.04,54,0
565,13.5,6.5,13.03,55,0
566,22.61,18.0,19.38,56,0
567,16.71,0.0,10.41,59,0
568,14.4,0.0,8.01,72,0
569,17.83,0.0,15.69,65,0
570,39.53,46.0,35.27,74,0
571,23.0,0.0,17.75,76,0
572,15.19,0.0,10.31,75,0
573,35.43,39.5,31.74,68,0
574,30.27,19.0,20.42,74,0
575,21.79,9.0,13.91,75,0
576,33.33,45.0,30.18,58,0
577,37.29,48.0,34.84,69,0
578,33.44,48.0,30.48,75,0
579,31.5,16.0,21.99,75,0
580,32.64,40.0,23.95,75,0
581,37.89,45.0,31.23,77,0
582,28.46,34.0,25.35,63,0
583,29.75,25.0,23.3,69,0
584,12.0,0.0,8.48,70,0
585,30.8,34.0,24.96,67,0
586,22.86,4.5,15.83,75,0
587,29.71,29.0,25.36,72,0
588,37.2,30.0,35.7,67,19
589,30.95,44.0,26.97,72,0
590,42.83,45.0,38.49,75,0
591,31.0,30.5,24.72,74,0
592,25.8,16.5,18.28,67,0
593,24.38,18.0,21.05,73,0
594,26.5,17.5,22.13,69,0
595,22.29,9.0,19.0,75,0
596,24.89,13.0,21.01,60,0
597,22.4,13.0,18.69,61,0
598,29.41,23.0,24.87,74,0
599,24.09,16.0,18.65,69,0
600,29.47,39.0,27.6,68,0
601,14.89,0.0,14.51,35,0
602,42.9,56.0,37.56,74,0
603,28.12,30.0,24.1,63,0
604,29.64,29.0,23.29,70,0
605,35.43,41.0,25.89,76,0
606,27.5,25.0,23.57,75,0
607,28.57,35.5,25.02,67,0
608,31.43,45.0,28.5,67,0
609,34.33,39.0,30.06,73,0
610,10.9,0.0,7.14,56,0
611,28.69,21.0,20.08,76,0
612,33.53,26.0,26.59,74,0
613,32.39,32.0,24.6,71,0
614,27.75,32.5,26.14,74,0
615,34.67,45.0,25.83,67,0
616,30.47,20.0,25.84,78,0
617,20.4,0.0,16.45,67,0
618,21.72,14.0,17.97,72,0
619,26.89,24.0,19.93,72,0
620,31.28,31.5,27.1,75,0
621,42.0,46.0,33.25,74,0
622,28.67,34.0,24.93,64,0
623,21.56,9.5,18.45,69,0
624,23.43,18.0,19.66,75,0
625,19.21,7.0,17.08,67,0
626,23.56,27.0,21.08,61,0
627,18.91,16.0,14.58,82,0
628,13.12,7.5,13.35,48,0
629,33.2,33.0,25.34,72,0
630,17.22,3.0,13.32,74,0
631,25.39,13.0,19.45,76,0
632,19.78,9.0,14.64,74,0
633,36.18,43.0,30.51,75,0
634,23.79,18.0,19.2,73,0
635,19.07,8.0,18.47,65,0
636,28.3,26.0,27.35,64,0
637,41.56,45.0,33.0,75,0
638,16.5,0.0,10.74,76,0
639,33.0,31.5,20.66,69,0
640,9.75,0.0,8.1,52,0
641,30.0,34.0,23.46,70,0
642,33.29,32.5,27.27,69,0
643,25.71,18.0,19.94,73,0
644,27.57,19.0,24.65,73,0
645,32.71,18.5,18.78,76,0
646,48.2,64.0,44.82,72,0
647,21.17,1.5,15.29,69,0
648,32.0,29.0,24.71,75,0
649,13.47,0.0,12.86,52,0
650,24.62,18.0,22.03,76,0
651,18.25,7.5,14.98,67,0
652,24.82,0.0,19.28,68,0
653,47.67,51.0,44.43,74,0
654,12.8,0.0,14.12,35,0
655,31.06,34.0,25.14,72,0
656,33.27,41.0,25.57,76,0
657,41.38,42.0,35.74,74,0
658,31.92,34.0,30.27,76,0
659,25.44,18.0,21.63,66,0
660,26.17,21.5,22.54,70,0
661,26.0,24.0,25.66,57,0
662,18.94,2.5,15.75,74,0
663,27.8,13.0,25.27,64,0
664,26.2,33.0,20.37,57,0
665,21.18,6.0,16.0,70,0
666,23.71,14.0,22.98,57,0
667,25.47,22.0,21.06,76,0
668,40.44,49.0,34.0,72,0
669,18.44,3.5,15.83,67,0
670,41.43,55.0,38.66,61,0
671,35.0,47.0,31.78,68,0
672,33.8,38.0,27.3,61,0
673,29.33,25.0,27.52,71,0
674,26.43,28.0,24.31,77,0
675,23.13,18.0,21.6,62,0
676,29.5,23.5,22.08,76,0
677,33.94,27.0,24.47,76,0
678,21.18,2.0,17.91,65,0
679,34.31,37.5,28.77,76,0
680,28.32,17.0,21.37,73,0
681,21.33,0.0,17.04,71,0
682,25.67,7.0,14.93,74,0
683,27.12,16.0,19.21,76,0
684,19.43,0.0,15.6,61,0
685,38.17,47.0,33.46,74,0
686,33.29,49.0,25.97,68,0
687,48.73,59.0,44.12,68,0
688,42.0,59.0,28.74,75,0
689,21.57,0.0,14.86,72,0
690,28.67,28.0,22.27,76,0
691,35.24,32.0,27.1,75,0
692,38.0,42.0,29.74,70,0
693,20.64,0.0,13.11,73,0
694,33.5,41.0,28.54,72,0
695,22.78,15.5,15.16,68,0
696,33.33,36.5,27.78,66,0
697,25.86,28.0,21.68,67,0
698,19.31,0.0,16.95,61,0
699,27.91,26.0,19.26,75,0
700,33.25,41.0,26.04,63,0
701,29.0,11.5,20.5,74,0
702,10.33,0.0,6.27,51,0
703,30.33,30.0,23.83,65,0
704,20.41,4.0,18.97,58,0
705,22.33,14.0,20.11,59,0
706,15.06,0.0,11.29,66,0
707,36.75,47.5,28.79,75,0
708,20.62,0.0,11.26,72,0
709,28.0,26.0,25.6,68,0
710,23.33,9.0,23.72,56,0
711,31.65,47.0,25.91,75,0
712,39.85,41.0,36.57,70,0
713,26.12,22.5,22.58,56,0
714,31.71,24.5,19.05,82,0
715,16.89,0.0,15.49,61,0
716,34.23,40.0,28.21,72,0
717,32.42,34.0,27.4,72,0
718,30.14,24.0,26.74,68,0
719,36.8,33.0,27.48,69,0
720,22.71,22.0,18.23,67,0
721,38.5,42.5,35.66,67,0
722,50.0,59.5,40.47,69,0
723,21.0,8.0,12.71,75,0
724,28.45,9.0,19.13,74,0
725,19.25,0.0,13.59,65,0
726,29.36,44.0,24.99,75,0
727,22.67,2.0,15.45,72,0
728,31.67,32.0,24.61,75,0
729,19.56,0.0,14.3,71,0
730,16.0,0.0,9.53,69,0
731,29.82,16.0,20.3,70,0
732,27.35,26.0,23.32,72,0
733,28.73,16.0,26.86,64,0
734,24.0,1.0,20.33,74,0
735,42.14,56.0,35.22,76,0
736,23.54,16.0,15.47,76,0
737,34.67,32.5,27.29,75,0
738,23.0,9.0,24.13,67,0
739,14.8,0.0,12.73,58,0
740,21.11,1.5,18.0,65,0
741,23.88,4.5,17.33,76,0
742,33.0,20.0,25.31,74,0
743,31.7,28.5,21.09,76,0
744,19.35,0.0,15.37,67,0
745,30.0,22.0,24.84,70,0
746,34.14,24.0,22.93,76,0
747,26.6,32.0,31.78,60,0
748,24.25,14.0,22.3,60,0
749,34.25,49.0,27.65,76,0
750,26.06,22.0,22.07,72,0
751,34.69,44.0,30.14,75,0
752,33.0,41.0,28.02,67,0
753,19.75,2.5,16.26,76,0
754,32.23,32.0,25.08,69,0
755,32.82,28.0,25.33,73,0
756,26.12,16.0,22.61,72,0
757,28.06,20.5,24.92,66,0
758,9.47,0.0,6.97,72,0
759,21.75,14.0,22.0,61,0
760,30.86,36.0,27.61,71,0
761,27.43,25.5,24.05,64,0
762,29.42,34.0,28.27,69,0
763,24.22,19.0,22.46,68,0
764,40.33,44.0,29.04,76,0
765,44.29,59.0,38.48,69,0
766,31.12,26.5,21.48,74,0
767,22.62,5.0,14.08,77,0
768,16.88,0.0,9.28,72,0
769,20.47,4.0,17.92,65,0
770,36.89,48.0,30.45,72,0
771,29.88,26.5,23.67,69,0
772,22.89,5.0,19.01,67,0
773,24.64,15.0,17.85,68,0
774,35.31,48.0,28.2,67,0
775,31.0,20.0,24.28,69,0
776,19.0,15.0,15.94,74,0
777,34.44,45.0,30.15,73,0
778,43.57,51.0,33.96,75,0
779,40.07,48.0,33.4,68,0
780,29.27,0.0,19.33,74,0
781,25.61,23.0,22.28,66,0
782,30.26,27.0,22.5,80,0
783,32.86,35.5,27.17,73,0
784,28.89,22.0,22.94,79,0
785,29.43,18.0,22.98,67,0
786,28.18,13.0,21.49,76,0
787,13.88,10.0,14.03,61,0
788,29.67,41.0,22.01,72,0
789,25.6,17.0,23.31,74,0
790,15.5,11.5,14.09,37,0
791,26.95,17.0,17.79,75,0
792,42.62,48.5,37.47,77,0
793,21.62,11.0,20.47,52,0
794,33.71,39.5,31.21,68,0
795,26.71,13.5,21.21,70,0
796,29.06,27.0,27.37,64,0
797,27.2,0.0,15.65,76,0
798,31.24,22.0,23.02,78,0
799,26.4,32.5,27.29,50,0
800,36.91,22.0,22.22,83,0
801,27.56,26.0,23.12,68,0
802,31.94,17.0,24.72,75,0
803,20.17,8.5,13.77,72,0
804,30.21,23.5,23.42,73,0
805,39.15,44.0,34.64,71,0
806,27.0,24.0,24.22,60,0
807,9.73,0.0,8.23,41,0
808,29.93,27.5,25.53,74,0
809,21.5,9.5,14.94,57,0
810,34.22,30.0,29.12,69,0
811,27.71,22.0,20.45,75,0
812,41.22,39.0,37.12,72,0
813,32.8,34.5,29.16,70,0
814,17.29,0.0,13.7,65,0
815,35.17,38.0,34.63,62,0
816,21.41,11.0,18.07,73,0
817,19.4,9.0,15.78,46,0
818,41.7,44.0,33.5,77,0
819,27.62,24.0,24.22,53,0
820,60.2,70.0,49.79,81,27
821,21.32,8.0,16.47,69,0
822,27.55,32.0,28.18,53,0
823,13.69,0.0,14.05,50,0
824,17.18,0.0,15.42,64,0
825,13.75,4.5,9.78,65,0
826,16.12,7.0,14.35,50,0
827,26.9,17.5,18.82,75,0
828,19.75,0.0,18.28,70,0
829,28.16,22.0,23.25,70,0
830,49.0,61.0,39.49,72,0
831,32.94,47.0,27.05,73,0
832,23.44,22.0,20.52,65,0
833,26.7,18.5,18.55,65,0
834,18.09,20.0,15.45,63,0
835,27.53,22.0,20.11,76,0
836,41.21,40.5,34.68,75,0
837,43.07,47.0,38.16,75,0
838,11.14,0.0,13.07,47,0
839,31.18,20.0,25.76,74,0
840,23.0,11.0,21.09,63,0
841,17.86,11.0,18.64,51,0
842,8.06,0.0,8.98,37,0
843,23.94,21.0,20.21,76,0
844,23.33,6.5,17.69,70,0
845,18.94,0.0,13.72,74,0
846,34.78,36.0,22.93,77,0
847,20.29,0.0,16.68,75,0
848,21.38,13.0,19.11,65,0
849,41.31,55.0,35.52,78,0
850,50.25,59.0,45.16,72,0
851,27.0,15.0,21.12,70,0
852,18.0,12.0,16.02,64,0
853,28.31,17.0,22.24,71,0
854,33.73,35.0,26.77,76,0
855,11.6,0.0,11.09,45,0
856,26.29,11.0,19.12,76,0
857,21.88,9.0,15.93,75,0
858,34.44,30.5,29.71,75,0
859,27.44,14.0,21.74,76,0
860,24.69,13.0,20.76,75,0
861,28.74,34.0,23.9,72,0
862,24.81,22.0,21.19,76,0
863,37.4,34.0,35.75,72,8
864,30.0,0.0,17.71,74,0
865,13.67,6.5,13.21,41,0
866,13.8,8.0,13.82,40,0
867,52.0,60.5,48.21,71,0
868,19.44,4.0,19.49,53,0
869,34.5,50.0,31.65,68,0
870,22.36,23.0,25.78,56,0
871,35.38,36.0,29.42,72,0
872,28.06,28.0,22.82,75,0
873,29.53,10.0,24.51,74,0
874,28.18,23.0,22.34,73,0
875,33.95,44.0,29.09,72,0
876,28.67,30.0,25.72,53,0
877,36.2,34.0,28.35,74,0
878,43.33,48.0,38.95,76,0
879,25.47,21.0,21.19,73,0
880,29.44,33.0,26.16,73,0
881,28.89,32.0,23.73,73,0
882,29.75,38.0,25.87,57,0
883,21.14,15.0,15.62,68,0
884,20.86,0.0,18.93,71,0
885,38.12,43.5,24.09,76,0
886,16.92,0.0,17.98,61,0
887,11.67,0.0,10.69,54,0
888,40.42,45.0,35.65,75,0
889,33.31,39.0,28.1,70,0
890,38.4,49.0,32.42,61,0
891,28.33,20.0,24.0,70,0
892,24.26,11.0,18.62,76,0
893,30.16,33.0,28.78,66,0
894,19.0,0.0,9.3,67,0
895,18.78,0.0,17.25,64,0
896,30.8,28.0,23.74,75,0
897,41.7,49.0,39.31,72,0
898,27.29,44.0,29.89,48,0
899,32.27,20.0,24.4,74,0
900,38.92,53.0,34.83,69,0
901,25.93,18.0,17.78,75,0
902,20.44,0.5,16.82,69,0
903,20.07,22.5,17.6,68,0
904,23.33,22.0,23.21,51,0
905,31.9,33.5,27.93,71,0
906,32.88,30.0,26.09,77,0
907,21.83,15.5,20.39,56,0
908,28.81,23.5,22.62,73,0
909,22.67,5.0,17.05,70,0
910,21.67,2.0,14.87,72,0
911,38.71,44.0,31.34,81,0
912,30.44,27.0,27.48,69,0
913,26.75,16.0,22.2,80,0
914,31.64,32.0,27.46,72,0
915,19.0,11.0,17.35,59,0
916,30.5,25.0,25.05,69,0
917,26.0,14.0,19.51,73,0
918,25.0,19.0,18.34,69,0
919,28.19,17.5,24.28,70,0
920,24.0,14.5,18.95,68,0
921,37.22,54.0,31.78,68,0
922,22.85,9.0,16.54,79,0
923,37.5,45.5,29.73,73,0
924,29.33,21.0,25.32,70,0
925,29.2,35.5,26.97,57,0
926,36.32,45.0,29.94,74,0
927,24.8,4.0,18.83,65,0
928,22.85,8.0,19.44,68,0
929,31.4,47.0,31.67,57,0
930,24.56,17.0,19.88,67,0
931,20.12,0.0,17.53,59,0
932,35.71,49.0,27.25,82,0
933,25.75,0.0,13.15,76,0
934,26.88,20.0,21.46,76,0
935,27.47,33.0,21.51,77,0
936,23.89,5.5,16.19,69,0
937,16.43,0.0,13.77,68,0
938,30.06,34.0,22.38,74,0
939,21.3,15.0,19.44,58,0
940,32.5,42.5,31.5,59,0
941,33.0,44.0,31.07,60,0
942,26.11,20.0,23.0,66,0
943,28.58,22.0,20.43,74,0
944,32.85,36.0,26.18,70,0
945,38.67,46.0,32.54,72,0
946,17.93,3.5,14.75,61,0
947,21.58,14.0,18.86,68,0
948,31.11,30.0,23.57,74,0
949,27.17,21.5,24.67,66,0
950,23.4,0.0,18.01,80,0
951,22.88,12.0,19.56,68,0
952,31.89,39.0,24.82,68,0
953,26.64,28.0,24.03,74,0
954,18.92,1.5,15.6,61,0
955,26.6,19.0,25.69,54,0
956,29.4,20.0,21.03,74,0
957,39.6,41.0,38.11,67,0
958,42.0,47.5,34.64,67,0
959,35.0,46.0,26.76,75,0
960,33.4,34.0,22.53,72,0
961,26.47,21.0,20.91,77,0
962,18.78,15.0,17.54,50,0
963,32.93,37.0,30.03,68,0
964,20.32,0.0,15.32,76,0
965,18.15,7.0,13.47,80,0
966,23.8,11.0,16.55,68,0
967,26.4,32.0,19.13,72,0
968,16.73,1.0,12.01,70,0
969,27.8,21.0,20.96,68,0
970,28.29,32.0,23.5,72,0
971,26.6,21.0,24.38,61,0
972,21.67,11.0,15.18,75,0
973,22.62,0.0,18.85,84,0
974,43.43,37.0,32.99,82,1
975,30.0,25.0,25.26,72,0
976,61.4,58.0,58.12,80,44
977,27.89,21.0,25.88,57,0
978,25.27,11.0,21.0,61,0
979,21.7,4.5,17.23,75,0
980,42.56,53.5,35.41,76,0
981,42.4,57.0,38.31,61,18
982,14.78,0.0,10.86,70,0
983,25.74,5.0,19.28,72,0
984,38.44,45.0,31.84,72,0
985,34.1,40.0,28.48,75,0
986,16.43,7.0,17.07,43,0
987,51.67,63.0,44.18,71,0
988,25.45,16.0,21.44,56,0
989,41.33,45.0,35.62,65,0
990,34.0,38.0,29.84,70,0
991,20.11,13.0,16.51,69,0
992,30.29,25.0,25.8,72,0
993,23.57,11.0,17.31,74,0
994,36.43,46.0,28.16,75,0
995,18.6,0.0,16.61,62,0
996,29.89,27.0,26.77,64,0
997,28.67,7.5,20.02,82,0
998,33.62,38.0,23.32,76,0
999,23.33,12.0,19.92,78,0